<?xml version="1.0" encoding="UTF-8"?>
<project-private xmlns="http://www.netbeans.org/ns/project-private/1">
    <editor-bookmarks xmlns="http://www.netbeans.org/ns/editor-bookmarks/2" lastBookmarkId="0"/>
    <open-files xmlns="http://www.netbeans.org/ns/projectui-open-files/2">
        <group>
            <file>file:/C:/Users/DELL/Documents/NetBeansProjects/StudentRecordManagementSystem/src/studentrecordmanagementsystem/UpdateController.java</file>
            <file>file:/C:/Users/DELL/Documents/NetBeansProjects/StudentRecordManagementSystem/src/studentrecordmanagementsystem/InsertController.java</file>
            <file>file:/C:/Users/DELL/Documents/NetBeansProjects/StudentRecordManagementSystem/src/studentrecordmanagementsystem/inf.fxml</file>
            <file>file:/C:/Users/DELL/Documents/NetBeansProjects/StudentRecordManagementSystem/src/studentrecordmanagementsystem/InfController.java</file>
            <file>file:/C:/Users/DELL/Documents/NetBeansProjects/StudentRecordManagementSystem/src/studentrecordmanagementsystem/search.fxml</file>
            <file>file:/C:/Users/DELL/Documents/NetBeansProjects/StudentRecordManagementSystem/src/studentrecordmanagementsystem/SearchController.java</file>
            <file>file:/C:/Users/DELL/Documents/NetBeansProjects/StudentRecordManagementSystem/src/studentrecordmanagementsystem/StudentRecordManagementSystem.java</file>
            <file>file:/C:/Users/DELL/Documents/NetBeansProjects/StudentRecordManagementSystem/src/studentrecordmanagementsystem/Insert.fxml</file>
            <file>file:/C:/Users/DELL/Documents/NetBeansProjects/StudentRecordManagementSystem/src/studentrecordmanagementsystem/Login.fxml</file>
            <file>file:/C:/Users/DELL/Documents/NetBeansProjects/StudentRecordManagementSystem/src/studentrecordmanagementsystem/LoginController.java</file>
        </group>
    </open-files>
</project-private>
